STATEFP,COUNTYFP,TRACTCE,BLKGRPCE,GEOID,GEOIDFQ,NAMELSAD,MTFCC,FUNCSTAT,ALAND,AWATER,INTPTLAT,INTPTLON
"36","061","008000","5","360610080005",1500000US360610080005,Block Group 5,G5030,S,25502,0,"+40.7511400","-073.9773289"
"36","061","001200","3","360610012003",1500000US360610012003,Block Group 3,G5030,S,36076,0,"+40.7152160","-073.9802846"
"36","061","002400","2","360610024002",1500000US360610024002,Block Group 2,G5030,S,75138,0,"+40.7232443","-073.9730207"
"36","061","001002","1","360610010021",1500000US360610010021,Block Group 1,G5030,S,40446,0,"+40.7184866","-073.9785882"
"36","061","006500","3","360610065003",1500000US360610065003,Block Group 3,G5030,S,36018,0,"+40.7290510","-074.0015914"
"36","061","006300","3","360610063003",1500000US360610063003,Block Group 3,G5030,S,23201,0,"+40.7338167","-073.9973167"
"36","061","001600","1","360610016001",1500000US360610016001,Block Group 1,G5030,S,84532,0,"+40.7160302","-073.9951093"
"36","061","011500","1","360610115001",1500000US360610115001,Block Group 1,G5030,S,87821,0,"+40.7565692","-073.9921294"
"36","061","007100","4","360610071004",1500000US360610071004,Block Group 4,G5030,S,30790,0,"+40.7351036","-074.0009157"
"36","061","001300","2","360610013002",1500000US360610013002,Block Group 2,G5030,S,57919,0,"+40.7057192","-074.0149836"
"36","061","001401","1","360610014011",1500000US360610014011,Block Group 1,G5030,S,56638,0,"+40.7152718","-073.9885097"
"36","061","001402","2","360610014022",1500000US360610014022,Block Group 2,G5030,S,57077,0,"+40.7172594","-073.9850476"
"36","061","001501","1","360610015011",1500000US360610015011,Block Group 1,G5030,S,98114,0,"+40.7108924","-074.0059333"
"36","061","001502","1","360610015021",1500000US360610015021,Block Group 1,G5030,S,28604,0,"+40.7097375","-074.0091574"
"36","061","001800","2","360610018002",1500000US360610018002,Block Group 2,G5030,S,32631,0,"+40.7183611","-073.9891651"
"36","061","001800","4","360610018004",1500000US360610018004,Block Group 4,G5030,S,21687,0,"+40.7201749","-073.9909796"
"36","061","001800","5","360610018005",1500000US360610018005,Block Group 5,G5030,S,62459,0,"+40.7197982","-073.9932105"
"36","061","002000","1","360610020001",1500000US360610020001,Block Group 1,G5030,S,77124,0,"+40.7206299","-073.9750259"
"36","061","002100","1","360610021001",1500000US360610021001,Block Group 1,G5030,S,61166,0,"+40.7145358","-074.0080150"
"36","061","002201","1","360610022011",1500000US360610022011,Block Group 1,G5030,S,34177,0,"+40.7204667","-073.9828856"
"36","061","002201","2","360610022012",1500000US360610022012,Block Group 2,G5030,S,32157,0,"+40.7192644","-073.9834900"
"36","061","002202","1","360610022021",1500000US360610022021,Block Group 1,G5030,S,56108,0,"+40.7212597","-073.9811410"
"36","061","005200","2","360610052002",1500000US360610052002,Block Group 2,G5030,S,85309,0,"+40.7375603","-073.9913768"
"36","061","003601","1","360610036011",1500000US360610036011,Block Group 1,G5030,S,20483,0,"+40.7218441","-073.9896236"
"36","061","002601","2","360610026012",1500000US360610026012,Block Group 2,G5030,S,52703,0,"+40.7230867","-073.9811222"
"36","061","008000","1","360610080001",1500000US360610080001,Block Group 1,G5030,S,49487,0,"+40.7498429","-073.9761680"
"36","061","007100","1","360610071001",1500000US360610071001,Block Group 1,G5030,S,24011,0,"+40.7376106","-073.9985099"
"36","061","013300","4","360610133004",1500000US360610133004,Block Group 4,G5030,S,43641,0,"+40.7659624","-073.9889991"
"36","061","013300","2","360610133002",1500000US360610133002,Block Group 2,G5030,S,31761,0,"+40.7637304","-073.9872260"
"36","061","006400","1","360610064001",1500000US360610064001,Block Group 1,G5030,S,36587,0,"+40.7383588","-073.9820264"
"36","061","006400","2","360610064002",1500000US360610064002,Block Group 2,G5030,S,33023,0,"+40.7370919","-073.9829493"
"36","061","006500","2","360610065002",1500000US360610065002,Block Group 2,G5030,S,19976,0,"+40.7299423","-074.0005141"
"36","061","006500","4","360610065004",1500000US360610065004,Block Group 4,G5030,S,22230,0,"+40.7278645","-074.0001736"
"36","061","006500","5","360610065005",1500000US360610065005,Block Group 5,G5030,S,24765,0,"+40.7290629","-073.9991628"
"36","061","006600","1","360610066001",1500000US360610066001,Block Group 1,G5030,S,16943,0,"+40.7418065","-073.9795132"
"36","061","006600","2","360610066002",1500000US360610066002,Block Group 2,G5030,S,17225,0,"+40.7411833","-073.9799620"
"36","061","006600","3","360610066003",1500000US360610066003,Block Group 3,G5030,S,16874,0,"+40.7405664","-073.9804201"
"36","061","006700","2","360610067002",1500000US360610067002,Block Group 2,G5030,S,40369,0,"+40.7293004","-074.0035578"
"36","061","006700","3","360610067003",1500000US360610067003,Block Group 3,G5030,S,29122,0,"+40.7306928","-074.0037509"
"36","061","006700","4","360610067004",1500000US360610067004,Block Group 4,G5030,S,64263,0,"+40.7304218","-074.0056370"
"36","061","006800","1","360610068001",1500000US360610068001,Block Group 1,G5030,S,48993,0,"+40.7417490","-073.9841699"
"36","061","006800","3","360610068003",1500000US360610068003,Block Group 3,G5030,S,24401,0,"+40.7385347","-073.9854666"
"36","061","006900","1","360610069001",1500000US360610069001,Block Group 1,G5030,S,52145,0,"+40.7315833","-074.0076952"
"36","061","007100","3","360610071003",1500000US360610071003,Block Group 3,G5030,S,50713,0,"+40.7357035","-073.9995409"
"36","061","007200","1","360610072001",1500000US360610072001,Block Group 1,G5030,S,13022,0,"+40.7470863","-073.9802873"
"36","061","007300","2","360610073002",1500000US360610073002,Block Group 2,G5030,S,12009,0,"+40.7335399","-074.0053841"
"36","061","007300","3","360610073003",1500000US360610073003,Block Group 3,G5030,S,34162,0,"+40.7324981","-074.0052587"
"36","061","007300","4","360610073004",1500000US360610073004,Block Group 4,G5030,S,34897,0,"+40.7336583","-074.0035241"
"36","061","007600","1","360610076001",1500000US360610076001,Block Group 1,G5030,S,100994,0,"+40.7484948","-073.9866201"
"36","061","007600","2","360610076002",1500000US360610076002,Block Group 2,G5030,S,73280,0,"+40.7462889","-073.9882323"
"36","061","007700","1","360610077001",1500000US360610077001,Block Group 1,G5030,S,40603,0,"+40.7383362","-074.0012666"
"36","061","007700","2","360610077002",1500000US360610077002,Block Group 2,G5030,S,21697,0,"+40.7382448","-074.0029403"
"36","061","007700","3","360610077003",1500000US360610077003,Block Group 3,G5030,S,57392,0,"+40.7390805","-074.0044657"
"36","061","005600","1","360610056001",1500000US360610056001,Block Group 1,G5030,S,86633,0,"+40.7425523","-073.9862884"
"36","061","004800","5","360610048005",1500000US360610048005,Block Group 5,G5030,S,44392,0,"+40.7326191","-073.9828845"
"36","061","004300","2","360610043002",1500000US360610043002,Block Group 2,G5030,S,25621,0,"+40.7219842","-073.9943560"
"36","061","003200","2","360610032002",1500000US360610032002,Block Group 2,G5030,S,15771,0,"+40.7262306","-073.9848553"
"36","061","000600","1","360610006001",1500000US360610006001,Block Group 1,G5030,S,41307,0,"+40.7135100","-073.9912811"
"36","061","008800","2","360610088002",1500000US360610088002,Block Group 2,G5030,S,20848,0,"+40.7488274","-073.9738294"
"36","061","008100","4","360610081004",1500000US360610081004,Block Group 4,G5030,S,23942,0,"+40.7383007","-073.9980129"
"36","061","002601","1","360610026011",1500000US360610026011,Block Group 1,G5030,S,53344,0,"+40.7220892","-073.9787526"
"36","061","003602","2","360610036022",1500000US360610036022,Block Group 2,G5030,S,51073,0,"+40.7246623","-073.9909826"
"36","061","010601","3","360610106013",1500000US360610106013,Block Group 3,G5030,S,18572,0,"+40.7574990","-073.9620410"
"36","061","009500","1","360610095001",1500000US360610095001,Block Group 1,G5030,S,86080,0,"+40.7466370","-073.9919388"
"36","061","000201","1","360610002011",1500000US360610002011,Block Group 1,G5030,S,24882,0,"+40.7136823","-073.9861175"
"36","061","000201","2","360610002012",1500000US360610002012,Block Group 2,G5030,S,65351,0,"+40.7111738","-073.9857474"
"36","061","000202","1","360610002021",1500000US360610002021,Block Group 1,G5030,S,55116,0,"+40.7139196","-073.9829323"
"36","061","000202","2","360610002022",1500000US360610002022,Block Group 2,G5030,S,28455,0,"+40.7123364","-073.9829600"
"36","061","000700","1","360610007001",1500000US360610007001,Block Group 1,G5030,S,44608,0,"+40.7075689","-074.0106963"
"36","061","000800","1","360610008001",1500000US360610008001,Block Group 1,G5030,S,31489,0,"+40.7135207","-073.9959652"
"36","061","000800","2","360610008002",1500000US360610008002,Block Group 2,G5030,S,18003,0,"+40.7125510","-073.9957274"
"36","061","000800","3","360610008003",1500000US360610008003,Block Group 3,G5030,S,17334,0,"+40.7118357","-073.9955882"
"36","061","000900","1","360610009001",1500000US360610009001,Block Group 1,G5030,S,255437,0,"+40.7032518","-074.0114794"
"36","061","001300","1","360610013001",1500000US360610013001,Block Group 1,G5030,S,21417,0,"+40.7084297","-074.0144700"
"36","061","003400","2","360610034002",1500000US360610034002,Block Group 2,G5030,S,35337,0,"+40.7279763","-073.9806144"
"36","061","003400","4","360610034004",1500000US360610034004,Block Group 4,G5030,S,36708,0,"+40.7302273","-073.9819393"
"36","061","003601","2","360610036012",1500000US360610036012,Block Group 2,G5030,S,22750,0,"+40.7220988","-073.9904512"
"36","061","003800","1","360610038001",1500000US360610038001,Block Group 1,G5030,S,49204,0,"+40.7287704","-073.9890097"
"36","061","003800","2","360610038002",1500000US360610038002,Block Group 2,G5030,S,17046,0,"+40.7275761","-073.9899004"
"36","061","003800","3","360610038003",1500000US360610038003,Block Group 3,G5030,S,31465,0,"+40.7266525","-073.9904765"
"36","061","003900","1","360610039001",1500000US360610039001,Block Group 1,G5030,S,120504,0,"+40.7231931","-074.0101086"
"36","061","003900","2","360610039002",1500000US360610039002,Block Group 2,G5030,S,95610,0,"+40.7204979","-074.0122661"
"36","061","003900","4","360610039004",1500000US360610039004,Block Group 4,G5030,S,40617,0,"+40.7178037","-074.0115534"
"36","061","004100","1","360610041001",1500000US360610041001,Block Group 1,G5030,S,25999,0,"+40.7205637","-073.9949154"
"36","061","004100","2","360610041002",1500000US360610041002,Block Group 2,G5030,S,32684,0,"+40.7180112","-073.9956060"
"36","061","004100","3","360610041003",1500000US360610041003,Block Group 3,G5030,S,28939,0,"+40.7183249","-073.9964320"
"36","061","004100","5","360610041005",1500000US360610041005,Block Group 5,G5030,S,47114,0,"+40.7189369","-073.9983201"
"36","061","004200","2","360610042002",1500000US360610042002,Block Group 2,G5030,S,29591,0,"+40.7323985","-073.9890757"
"36","061","004300","1","360610043001",1500000US360610043001,Block Group 1,G5030,S,54068,0,"+40.7237811","-073.9944064"
"36","061","004300","3","360610043003",1500000US360610043003,Block Group 3,G5030,S,69550,0,"+40.7234615","-073.9966992"
"36","061","004500","1","360610045001",1500000US360610045001,Block Group 1,G5030,S,104948,0,"+40.7205701","-073.9993912"
"36","061","004700","2","360610047002",1500000US360610047002,Block Group 2,G5030,S,122673,0,"+40.7217947","-074.0028319"
"36","061","004800","3","360610048003",1500000US360610048003,Block Group 3,G5030,S,21645,0,"+40.7342881","-073.9855132"
"36","061","005000","1","360610050001",1500000US360610050001,Block Group 1,G5030,S,34886,0,"+40.7370971","-073.9875612"
"36","061","005000","2","360610050002",1500000US360610050002,Block Group 2,G5030,S,36352,0,"+40.7352918","-073.9888411"
"36","061","005200","1","360610052001",1500000US360610052001,Block Group 1,G5030,S,83584,0,"+40.7373083","-073.9895151"
"36","061","005400","1","360610054001",1500000US360610054001,Block Group 1,G5030,S,115694,0,"+40.7394735","-073.9931956"
"36","061","005501","1","360610055011",1500000US360610055011,Block Group 1,G5030,S,51576,0,"+40.7288140","-073.9951603"
"36","061","005501","2","360610055012",1500000US360610055012,Block Group 2,G5030,S,38166,0,"+40.7281241","-073.9972762"
"36","061","005502","2","360610055022",1500000US360610055022,Block Group 2,G5030,S,71130,0,"+40.7262740","-073.9944905"
"36","061","005600","2","360610056002",1500000US360610056002,Block Group 2,G5030,S,63370,0,"+40.7414857","-073.9881423"
"36","061","005700","1","360610057001",1500000US360610057001,Block Group 1,G5030,S,27196,0,"+40.7306449","-073.9914122"
"36","061","005700","2","360610057002",1500000US360610057002,Block Group 2,G5030,S,80851,0,"+40.7290025","-073.9927203"
"36","061","005800","1","360610058001",1500000US360610058001,Block Group 1,G5030,S,48669,0,"+40.7447446","-073.9893580"
"36","061","005900","1","360610059001",1500000US360610059001,Block Group 1,G5030,S,23458,0,"+40.7325108","-073.9951038"
"36","061","005900","3","360610059003",1500000US360610059003,Block Group 3,G5030,S,41801,0,"+40.7302179","-073.9949182"
"36","061","006000","1","360610060001",1500000US360610060001,Block Group 1,G5030,S,50208,0,"+40.7350250","-073.9759958"
"36","061","006100","1","360610061001",1500000US360610061001,Block Group 1,G5030,S,56536,0,"+40.7343714","-073.9936313"
"36","061","006200","1","360610062001",1500000US360610062001,Block Group 1,G5030,S,200599,0,"+40.7392981","-073.9751446"
"36","061","006300","2","360610063002",1500000US360610063002,Block Group 2,G5030,S,49069,0,"+40.7347322","-073.9966508"
"36","061","008800","1","360610088001",1500000US360610088001,Block Group 1,G5030,S,86310,0,"+40.7502026","-073.9728661"
"36","061","007500","2","360610075002",1500000US360610075002,Block Group 2,G5030,S,41438,0,"+40.7355056","-074.0083973"
"36","061","003001","4","360610030014",1500000US360610030014,Block Group 4,G5030,S,30850,0,"+40.7200340","-073.9860103"
"36","061","013300","1","360610133001",1500000US360610133001,Block Group 1,G5030,S,11858,0,"+40.7629327","-073.9866468"
"36","061","008300","3","360610083003",1500000US360610083003,Block Group 3,G5030,S,87399,0,"+40.7427882","-074.0058718"
"36","061","004700","1","360610047001",1500000US360610047001,Block Group 1,G5030,S,42747,0,"+40.7242106","-074.0029514"
"36","061","001200","1","360610012001",1500000US360610012001,Block Group 1,G5030,S,47666,0,"+40.7165794","-073.9835599"
"36","061","005400","2","360610054002",1500000US360610054002,Block Group 2,G5030,S,25238,0,"+40.7376881","-073.9944967"
"36","061","004900","2","360610049002",1500000US360610049002,Block Group 2,G5030,S,36368,0,"+40.7257156","-074.0025251"
"36","061","003002","1","360610030021",1500000US360610030021,Block Group 1,G5030,S,37102,0,"+40.7225188","-073.9846302"
"36","061","002500","1","360610025001",1500000US360610025001,Block Group 1,G5030,S,35945,0,"+40.7099493","-073.9998744"
"36","061","002700","1","360610027001",1500000US360610027001,Block Group 1,G5030,S,59282,0,"+40.7125508","-073.9990121"
"36","061","002800","3","360610028003",1500000US360610028003,Block Group 3,G5030,S,34427,0,"+40.7263765","-073.9787169"
"36","061","003001","1","360610030011",1500000US360610030011,Block Group 1,G5030,S,31204,0,"+40.7219568","-073.9877758"
"36","061","003002","2","360610030022",1500000US360610030022,Block Group 2,G5030,S,41430,0,"+40.7233628","-073.9869729"
"36","061","003300","1","360610033001",1500000US360610033001,Block Group 1,G5030,S,85840,0,"+40.7183485","-074.0061303"
"36","061","003300","3","360610033003",1500000US360610033003,Block Group 3,G5030,S,48621,0,"+40.7161762","-074.0058010"
"36","061","005502","1","360610055021",1500000US360610055021,Block Group 1,G5030,S,44356,0,"+40.7264845","-073.9929618"
"36","061","011201","1","360610112011",1500000US360610112011,Block Group 1,G5030,S,79536,0,"+40.7639781","-073.9753455"
"36","061","010400","1","360610104001",1500000US360610104001,Block Group 1,G5030,S,173230,0,"+40.7607791","-073.9776729"
"36","061","003602","1","360610036021",1500000US360610036021,Block Group 1,G5030,S,37938,0,"+40.7244295","-073.9891606"
"36","061","004100","4","360610041004",1500000US360610041004,Block Group 4,G5030,S,30922,0,"+40.7186209","-073.9972276"
"36","061","000600","2","360610006002",1500000US360610006002,Block Group 2,G5030,S,64678,0,"+40.7111115","-073.9908457"
"36","061","011900","1","360610119001",1500000US360610119001,Block Group 1,G5030,S,88724,0,"+40.7567157","-073.9846054"
"36","061","004900","3","360610049003",1500000US360610049003,Block Group 3,G5030,S,34335,0,"+40.7269046","-074.0015198"
"36","061","009800","3","360610098003",1500000US360610098003,Block Group 3,G5030,S,34479,0,"+40.7553504","-073.9696418"
"36","061","009000","3","360610090003",1500000US360610090003,Block Group 3,G5030,S,34606,0,"+40.7525103","-073.9687622"
"36","061","007200","3","360610072003",1500000US360610072003,Block Group 3,G5030,S,36754,0,"+40.7439127","-073.9825939"
"36","061","003400","3","360610034003",1500000US360610034003,Block Group 3,G5030,S,49691,0,"+40.7286404","-073.9830997"
"36","061","008400","2","360610084002",1500000US360610084002,Block Group 2,G5030,S,122312,0,"+40.7513266","-073.9845618"
"36","061","013700","1","360610137001",1500000US360610137001,Block Group 1,G5030,S,23366,0,"+40.7659360","-073.9778891"
"36","061","013700","4","360610137004",1500000US360610137004,Block Group 4,G5030,S,45373,0,"+40.7667609","-073.9809422"
"36","061","003400","1","360610034001",1500000US360610034001,Block Group 1,G5030,S,38521,0,"+40.7292717","-073.9796713"
"36","061","006700","1","360610067001",1500000US360610067001,Block Group 1,G5030,S,34729,0,"+40.7316410","-074.0022780"
"36","061","004100","6","360610041006",1500000US360610041006,Block Group 6,G5030,S,25620,0,"+40.7212347","-073.9965616"
"36","061","010900","1","360610109001",1500000US360610109001,Block Group 1,G5030,S,175741,0,"+40.7522505","-073.9897028"
"36","061","002602","2","360610026022",1500000US360610026022,Block Group 2,G5030,S,16711,0,"+40.7242888","-073.9802476"
"36","061","010000","2","360610100002",1500000US360610100002,Block Group 2,G5030,S,85919,0,"+40.7577232","-073.9704228"
"36","061","001600","2","360610016002",1500000US360610016002,Block Group 2,G5030,S,21447,0,"+40.7170790","-073.9925580"
"36","061","010200","1","360610102001",1500000US360610102001,Block Group 1,G5030,S,86526,0,"+40.7590856","-073.9736449"
"36","061","001001","1","360610010011",1500000US360610010011,Block Group 1,G5030,S,80143,0,"+40.7143690","-073.9775854"
"36","061","006300","1","360610063001",1500000US360610063001,Block Group 1,G5030,S,52533,0,"+40.7360168","-073.9957103"
"36","061","009800","2","360610098002",1500000US360610098002,Block Group 2,G5030,S,34488,0,"+40.7566037","-073.9687281"
"36","061","004900","1","360610049001",1500000US360610049001,Block Group 1,G5030,S,136615,0,"+40.7244229","-073.9996745"
"36","061","002602","1","360610026021",1500000US360610026021,Block Group 1,G5030,S,52125,0,"+40.7238935","-073.9774381"
"36","061","009300","3","360610093003",1500000US360610093003,Block Group 3,G5030,S,9328,0,"+40.7472246","-074.0026475"
"36","061","011100","2","360610111002",1500000US360610111002,Block Group 2,G5030,S,44784,0,"+40.7546268","-073.9972536"
"36","061","011203","1","360610112031",1500000US360610112031,Block Group 1,G5030,S,38738,0,"+40.7609026","-073.9681051"
"36","061","010000","1","360610100001",1500000US360610100001,Block Group 1,G5030,S,86975,0,"+40.7584032","-073.9720310"
"36","061","010100","1","360610101001",1500000US360610101001,Block Group 1,G5030,S,175520,0,"+40.7497314","-073.9915412"
"36","061","010300","1","360610103001",1500000US360610103001,Block Group 1,G5030,S,107858,0,"+40.7523214","-073.9982274"
"36","061","010601","2","360610106012",1500000US360610106012,Block Group 2,G5030,S,18553,0,"+40.7581726","-073.9615526"
"36","061","011100","3","360610111003",1500000US360610111003,Block Group 3,G5030,S,42990,0,"+40.7558905","-073.9963426"
"36","061","011202","1","360610112021",1500000US360610112021,Block Group 1,G5030,S,78008,0,"+40.7626040","-073.9721311"
"36","061","011203","2","360610112032",1500000US360610112032,Block Group 2,G5030,S,39209,0,"+40.7615821","-073.9697137"
"36","061","011300","1","360610113001",1500000US360610113001,Block Group 1,G5030,S,175653,0,"+40.7547752","-073.9878702"
"36","061","011500","2","360610115002",1500000US360610115002,Block Group 2,G5030,S,87769,0,"+40.7577671","-073.9949686"
"36","061","011700","1","360610117001",1500000US360610117001,Block Group 1,G5030,S,87124,0,"+40.7589694","-073.9978020"
"36","061","012700","2","360610127002",1500000US360610127002,Block Group 2,G5030,S,43405,0,"+40.7610125","-073.9888905"
"36","061","012700","3","360610127003",1500000US360610127003,Block Group 3,G5030,S,43353,0,"+40.7622090","-073.9917345"
"36","061","013100","1","360610131001",1500000US360610131001,Block Group 1,G5030,S,65471,0,"+40.7626318","-073.9839985"
"36","061","013300","3","360610133003",1500000US360610133003,Block Group 3,G5030,S,43599,0,"+40.7647104","-073.9899108"
"36","061","013700","2","360610137002",1500000US360610137002,Block Group 2,G5030,S,47063,0,"+40.7649210","-073.9786164"
"36","061","013700","3","360610137003",1500000US360610137003,Block Group 3,G5030,S,43509,0,"+40.7636199","-073.9795619"
"36","061","008700","2","360610087002",1500000US360610087002,Block Group 2,G5030,S,20408,0,"+40.7419477","-073.9990681"
"36","061","008900","2","360610089002",1500000US360610089002,Block Group 2,G5030,S,40804,0,"+40.7434373","-074.0016959"
"36","061","008900","3","360610089003",1500000US360610089003,Block Group 3,G5030,S,40799,0,"+40.7446326","-074.0045375"
"36","061","009000","1","360610090001",1500000US360610090001,Block Group 1,G5030,S,18576,0,"+40.7509323","-073.9698423"
"36","061","009000","2","360610090002",1500000US360610090002,Block Group 2,G5030,S,18053,0,"+40.7515678","-073.9693935"
"36","061","009100","1","360610091001",1500000US360610091001,Block Group 1,G5030,S,21769,0,"+40.7456709","-073.9963608"
"36","061","009200","1","360610092001",1500000US360610092001,Block Group 1,G5030,S,50085,0,"+40.7523806","-073.9743190"
"36","061","009300","1","360610093001",1500000US360610093001,Block Group 1,G5030,S,49510,0,"+40.7470821","-073.9990315"
"36","061","009300","2","360610093002",1500000US360610093002,Block Group 2,G5030,S,40057,0,"+40.7458131","-073.9999775"
"36","061","009300","4","360610093004",1500000US360610093004,Block Group 4,G5030,S,13664,0,"+40.7475571","-074.0024155"
"36","061","009400","1","360610094001",1500000US360610094001,Block Group 1,G5030,S,87386,0,"+40.7553564","-073.9784669"
"36","061","009500","2","360610095002",1500000US360610095002,Block Group 2,G5030,S,85884,0,"+40.7478368","-073.9947800"
"36","061","009600","1","360610096001",1500000US360610096001,Block Group 1,G5030,S,100946,0,"+40.7554355","-073.9815713"
"36","061","009700","1","360610097001",1500000US360610097001,Block Group 1,G5030,S,41072,0,"+40.7479638","-073.9967960"
"36","061","009700","2","360610097002",1500000US360610097002,Block Group 2,G5030,S,86447,0,"+40.7502338","-074.0004531"
"36","061","009800","1","360610098001",1500000US360610098001,Block Group 1,G5030,S,17072,0,"+40.7575461","-073.9680502"
"36","061","013900","1","360610139001",1500000US360610139001,Block Group 1,G5030,S,23621,0,"+40.7688543","-073.9868884"
"36","061","007800","2","360610078002",1500000US360610078002,Block Group 2,G5030,S,33890,0,"+40.7471571","-073.9756186"
"36","061","008900","1","360610089001",1500000US360610089001,Block Group 1,G5030,S,20377,0,"+40.7443158","-074.0010568"
"36","061","008900","4","360610089004",1500000US360610089004,Block Group 4,G5030,S,42006,0,"+40.7458221","-074.0036736"
"36","061","011100","1","360610111001",1500000US360610111001,Block Group 1,G5030,S,87690,0,"+40.7540487","-073.9939669"
"36","061","003601","3","360610036013",1500000US360610036013,Block Group 3,G5030,S,56579,0,"+40.7225851","-073.9919654"
"36","061","013900","3","360610139003",1500000US360610139003,Block Group 3,G5030,S,43714,0,"+40.7672142","-073.9880836"
"36","061","014500","2","360610145002",1500000US360610145002,Block Group 2,G5030,S,21673,0,"+40.7695050","-073.9864164"
"36","061","003200","1","360610032001",1500000US360610032001,Block Group 1,G5030,S,32799,0,"+40.7271238","-073.9842047"
"36","061","003200","6","360610032006",1500000US360610032006,Block Group 6,G5030,S,34470,0,"+40.7243775","-073.9832371"
"36","061","006800","2","360610068002",1500000US360610068002,Block Group 2,G5030,S,26399,0,"+40.7398471","-073.9855559"
"36","061","007200","6","360610072006",1500000US360610072006,Block Group 6,G5030,S,13118,0,"+40.7457300","-073.9791652"
"36","061","007800","3","360610078003",1500000US360610078003,Block Group 3,G5030,S,10581,0,"+40.7460457","-073.9758570"
"36","061","008100","5","360610081005",1500000US360610081005,Block Group 5,G5030,S,22242,0,"+40.7401613","-074.0003665"
"36","061","008800","3","360610088003",1500000US360610088003,Block Group 3,G5030,S,13184,0,"+40.7484776","-073.9720424"
"36","061","008800","7","360610088007",1500000US360610088007,Block Group 7,G5030,S,4569,0,"+40.7479753","-073.9708622"
"36","061","010601","5","360610106015",1500000US360610106015,Block Group 5,G5030,S,17013,0,"+40.7562271","-073.9629821"
"36","061","000600","3","360610006003",1500000US360610006003,Block Group 3,G5030,S,20959,0,"+40.7138716","-073.9887252"
"36","061","003700","3","360610037003",1500000US360610037003,Block Group 3,G5030,S,142392,0,"+40.7250626","-074.0058807"
"36","061","001502","3","360610015023",1500000US360610015023,Block Group 3,G5030,S,23330,0,"+40.7080668","-074.0056119"
"36","061","000800","6","360610008006",1500000US360610008006,Block Group 6,G5030,S,105814,0,"+40.7116870","-073.9933490"
"36","061","001600","3","360610016003",1500000US360610016003,Block Group 3,G5030,S,36846,0,"+40.7154737","-073.9933767"
"36","061","002800","4","360610028004",1500000US360610028004,Block Group 4,G5030,S,92017,0,"+40.7263679","-073.9756315"
"36","061","003001","2","360610030012",1500000US360610030012,Block Group 2,G5030,S,28722,0,"+40.7207549","-073.9883956"
"36","061","003001","3","360610030013",1500000US360610030013,Block Group 3,G5030,S,33374,0,"+40.7212302","-073.9853885"
"36","061","003700","2","360610037002",1500000US360610037002,Block Group 2,G5030,S,63572,0,"+40.7278420","-074.0048894"
"36","061","004800","7","360610048007",1500000US360610048007,Block Group 7,G5030,S,24000,0,"+40.7336477","-073.9839965"
"36","061","001800","3","360610018003",1500000US360610018003,Block Group 3,G5030,S,40671,0,"+40.7194522","-073.9885981"
"36","061","001800","7","360610018007",1500000US360610018007,Block Group 7,G5030,S,17675,0,"+40.7190882","-073.9915377"
"36","061","006300","5","360610063005",1500000US360610063005,Block Group 5,G5030,S,30201,0,"+40.7325250","-073.9981803"
"36","061","006400","4","360610064004",1500000US360610064004,Block Group 4,G5030,S,53743,0,"+40.7358170","-073.9808149"
"36","061","007100","5","360610071005",1500000US360610071005,Block Group 5,G5030,S,37335,0,"+40.7331025","-074.0010429"
"36","061","007300","5","360610073005",1500000US360610073005,Block Group 5,G5030,S,20115,0,"+40.7354235","-074.0041402"
"36","061","007300","6","360610073006",1500000US360610073006,Block Group 6,G5030,S,39514,0,"+40.7350148","-074.0023656"
"36","061","007500","3","360610075003",1500000US360610075003,Block Group 3,G5030,S,30394,0,"+40.7346141","-074.0066215"
"36","061","007900","4","360610079004",1500000US360610079004,Block Group 4,G5030,S,32808,0,"+40.7386150","-074.0059421"
"36","061","010601","6","360610106016",1500000US360610106016,Block Group 6,G5030,S,32986,0,"+40.7570025","-073.9603850"
"36","061","001002","2","360610010022",1500000US360610010022,Block Group 2,G5030,S,28951,0,"+40.7166002","-073.9790685"
"36","061","001002","3","360610010023",1500000US360610010023,Block Group 3,G5030,S,53234,0,"+40.7167358","-073.9750940"
"36","061","001501","3","360610015013",1500000US360610015013,Block Group 3,G5030,S,112827,0,"+40.7075164","-074.0019469"
"36","061","001600","5","360610016005",1500000US360610016005,Block Group 5,G5030,S,35682,0,"+40.7151810","-073.9913781"
"36","061","002000","2","360610020002",1500000US360610020002,Block Group 2,G5030,S,22205,0,"+40.7204277","-073.9766193"
"36","061","002000","3","360610020003",1500000US360610020003,Block Group 3,G5030,S,26950,0,"+40.7197022","-073.9768833"
"36","061","002201","4","360610022014",1500000US360610022014,Block Group 4,G5030,S,56232,0,"+40.7182311","-073.9805559"
"36","061","002500","2","360610025002",1500000US360610025002,Block Group 2,G5030,S,25738,0,"+40.7104491","-073.9973959"
"36","061","002500","3","360610025003",1500000US360610025003,Block Group 3,G5030,S,40388,0,"+40.7091584","-073.9981615"
"36","061","002800","2","360610028002",1500000US360610028002,Block Group 2,G5030,S,37237,0,"+40.7276070","-073.9778154"
"36","061","003200","5","360610032005",1500000US360610032005,Block Group 5,G5030,S,17438,0,"+40.7234683","-073.9839068"
"36","061","003800","5","360610038005",1500000US360610038005,Block Group 5,G5030,S,35076,0,"+40.7263009","-073.9878009"
"36","061","003800","6","360610038006",1500000US360610038006,Block Group 6,G5030,S,16836,0,"+40.7271968","-073.9871476"
"36","061","004800","1","360610048001",1500000US360610048001,Block Group 1,G5030,S,16070,0,"+40.7356107","-073.9840282"
"36","061","004800","4","360610048004",1500000US360610048004,Block Group 4,G5030,S,18854,0,"+40.7331624","-073.9858103"
"36","061","005000","5","360610050005",1500000US360610050005,Block Group 5,G5030,S,46138,0,"+40.7373246","-073.9858200"
"36","061","005600","3","360610056003",1500000US360610056003,Block Group 3,G5030,S,24422,0,"+40.7398909","-073.9886840"
"36","061","005900","2","360610059002",1500000US360610059002,Block Group 2,G5030,S,16494,0,"+40.7314918","-073.9959019"
"36","061","005900","5","360610059005",1500000US360610059005,Block Group 5,G5030,S,17038,0,"+40.7319497","-073.9928742"
"36","061","006000","2","360610060002",1500000US360610060002,Block Group 2,G5030,S,37662,0,"+40.7349246","-073.9781226"
"36","061","006000","3","360610060003",1500000US360610060003,Block Group 3,G5030,S,31074,0,"+40.7338155","-073.9755951"
"36","061","006100","3","360610061003",1500000US360610061003,Block Group 3,G5030,S,54872,0,"+40.7334982","-073.9909911"
"36","061","006400","6","360610064006",1500000US360610064006,Block Group 6,G5030,S,20547,0,"+40.7376855","-073.9794520"
"36","061","006600","5","360610066005",1500000US360610066005,Block Group 5,G5030,S,17036,0,"+40.7393326","-073.9813156"
"36","061","006600","7","360610066007",1500000US360610066007,Block Group 7,G5030,S,17971,0,"+40.7389789","-073.9785563"
"36","061","006600","8","360610066008",1500000US360610066008,Block Group 8,G5030,S,35532,0,"+40.7399038","-073.9778893"
"36","061","006800","4","360610068004",1500000US360610068004,Block Group 4,G5030,S,26120,0,"+40.7391685","-073.9839481"
"36","061","006800","5","360610068005",1500000US360610068005,Block Group 5,G5030,S,24249,0,"+40.7404525","-073.9830118"
"36","061","007200","2","360610072002",1500000US360610072002,Block Group 2,G5030,S,38401,0,"+40.7458087","-073.9812229"
"36","061","007200","5","360610072005",1500000US360610072005,Block Group 5,G5030,S,24222,0,"+40.7447791","-073.9798587"
"36","061","007300","1","360610073001",1500000US360610073001,Block Group 1,G5030,S,24602,0,"+40.7347712","-074.0054776"
"36","061","007400","2","360610074002",1500000US360610074002,Block Group 2,G5030,S,36756,0,"+40.7445937","-073.9842109"
"36","061","007500","1","360610075001",1500000US360610075001,Block Group 1,G5030,S,93900,0,"+40.7338139","-074.0095895"
"36","061","007800","4","360610078004",1500000US360610078004,Block Group 4,G5030,S,24780,0,"+40.7458293","-073.9768170"
"36","061","007800","6","360610078006",1500000US360610078006,Block Group 6,G5030,S,35907,0,"+40.7461842","-073.9733052"
"36","061","007800","7","360610078007",1500000US360610078007,Block Group 7,G5030,S,17924,0,"+40.7471109","-073.9726351"
"36","061","007900","1","360610079001",1500000US360610079001,Block Group 1,G5030,S,161705,0,"+40.7398839","-074.0089195"
"36","061","008000","3","360610080003",1500000US360610080003,Block Group 3,G5030,S,24261,0,"+40.7479650","-073.9775377"
"36","061","008000","4","360610080004",1500000US360610080004,Block Group 4,G5030,S,24463,0,"+40.7480265","-073.9795952"
"36","061","008200","3","360610082003",1500000US360610082003,Block Group 3,G5030,S,24523,0,"+40.7487091","-073.9812134"
"36","061","008602","1","360610086021",1500000US360610086021,Block Group 1,G5030,S,106507,0,"+40.7503107","-073.9673058"
"36","061","008603","1","360610086031",1500000US360610086031,Block Group 1,G5030,S,18783,0,"+40.7555620","-073.9633322"
"36","061","008603","2","360610086032",1500000US360610086032,Block Group 2,G5030,S,24693,0,"+40.7548017","-073.9634783"
"36","061","008603","4","360610086034",1500000US360610086034,Block Group 4,G5030,S,55619,0,"+40.7530831","-073.9651929"
"36","061","008700","5","360610087005",1500000US360610087005,Block Group 5,G5030,S,40827,0,"+40.7410437","-073.9960130"
"36","061","008800","5","360610088005",1500000US360610088005,Block Group 5,G5030,S,17973,0,"+40.7503067","-073.9703115"
"36","061","008900","5","360610089005",1500000US360610089005,Block Group 5,G5030,S,21592,0,"+40.7449179","-074.0006176"
"36","061","009000","6","360610090006",1500000US360610090006,Block Group 6,G5030,S,17123,0,"+40.7531602","-073.9712385"
"36","061","009300","6","360610093006",1500000US360610093006,Block Group 6,G5030,S,21765,0,"+40.7486801","-074.0015846"
"36","061","009300","7","360610093007",1500000US360610093007,Block Group 7,G5030,S,23215,0,"+40.7467579","-074.0029899"
"36","061","009700","3","360610097003",1500000US360610097003,Block Group 3,G5030,S,23152,0,"+40.7485926","-073.9980686"
"36","061","009800","4","360610098004",1500000US360610098004,Block Group 4,G5030,S,18276,0,"+40.7540611","-073.9675647"
"36","061","009800","6","360610098006",1500000US360610098006,Block Group 6,G5030,S,36472,0,"+40.7556330","-073.9664248"
"36","061","010601","4","360610106014",1500000US360610106014,Block Group 4,G5030,S,17394,0,"+40.7568475","-073.9625152"
"36","061","012700","5","360610127005",1500000US360610127005,Block Group 5,G5030,S,21857,0,"+40.7625730","-073.9877521"
"36","061","013900","4","360610139004",1500000US360610139004,Block Group 4,G5030,S,21849,0,"+40.7657038","-073.9854719"
"36","061","013900","6","360610139006",1500000US360610139006,Block Group 6,G5030,S,23381,0,"+40.7669804","-073.9845418"
"36","061","013900","7","360610139007",1500000US360610139007,Block Group 7,G5030,S,23719,0,"+40.7676557","-073.9840462"
"36","061","003700","1","360610037001",1500000US360610037001,Block Group 1,G5030,S,177415,0,"+40.7266923","-074.0097605"
"36","061","005501","3","360610055013",1500000US360610055013,Block Group 3,G5030,S,34705,0,"+40.7269335","-073.9982848"
"36","061","006200","2","360610062002",1500000US360610062002,Block Group 2,G5030,S,89449,0,"+40.7383547","-073.9733115"
"36","061","008601","1","360610086011",1500000US360610086011,Block Group 1,G5030,S,34768,0,"+40.7441284","-073.9719123"
"36","061","008800","6","360610088006",1500000US360610088006,Block Group 6,G5030,S,18379,0,"+40.7490170","-073.9713326"
"36","061","000600","4","360610006004",1500000US360610006004,Block Group 4,G5030,S,21493,0,"+40.7131422","-073.9885217"
"36","061","000600","5","360610006005",1500000US360610006005,Block Group 5,G5030,S,39715,0,"+40.7120826","-073.9883506"
"36","061","000600","6","360610006006",1500000US360610006006,Block Group 6,G5030,S,52254,0,"+40.7103835","-073.9879055"
"36","061","000700","2","360610007002",1500000US360610007002,Block Group 2,G5030,S,10830,0,"+40.7064107","-074.0103454"
"36","061","031704","3","360610317043",1500000US360610317043,Block Group 3,G5030,S,79635,0,"+40.7075478","-074.0164579"
"36","061","031704","4","360610317044",1500000US360610317044,Block Group 4,G5030,S,60515,0,"+40.7065686","-074.0181436"
"36","061","031900","1","360610319001",1500000US360610319001,Block Group 1,G5030,S,99257,0,"+40.7029173","-074.0155758"
"36","061","009100","2","360610091002",1500000US360610091002,Block Group 2,G5030,S,23009,0,"+40.7450257","-073.9968231"
"36","061","013300","5","360610133005",1500000US360610133005,Block Group 5,G5030,S,43496,0,"+40.7647653","-073.9861573"
"36","061","007200","4","360610072004",1500000US360610072004,Block Group 4,G5030,S,36410,0,"+40.7432344","-073.9809846"
"36","061","003100","1","360610031001",1500000US360610031001,Block Group 1,G5030,S,88496,0,"+40.7172073","-074.0021679"
"36","061","001800","1","360610018001",1500000US360610018001,Block Group 1,G5030,S,31191,0,"+40.7174073","-073.9896466"
"36","061","003200","3","360610032003",1500000US360610032003,Block Group 3,G5030,S,32773,0,"+40.7253388","-073.9855062"
"36","061","031703","1","360610317031",1500000US360610317031,Block Group 1,G5030,S,138163,0,"+40.7130258","-074.0162778"
"36","061","031703","2","360610317032",1500000US360610317032,Block Group 2,G5030,S,18695,0,"+40.7167676","-074.0155925"
"36","061","031704","2","360610317042",1500000US360610317042,Block Group 2,G5030,S,27332,0,"+40.7095397","-074.0176194"
"36","061","012500","1","360610125001",1500000US360610125001,Block Group 1,G5030,S,87176,0,"+40.7592424","-073.9827575"
"36","061","007900","3","360610079003",1500000US360610079003,Block Group 3,G5030,S,48725,0,"+40.7378304","-074.0073474"
"36","061","008100","3","360610081003",1500000US360610081003,Block Group 3,G5030,S,22328,0,"+40.7389632","-073.9975276"
"36","061","008200","1","360610082001",1500000US360610082001,Block Group 1,G5030,S,36770,0,"+40.7502538","-073.9800888"
"36","061","008200","2","360610082002",1500000US360610082002,Block Group 2,G5030,S,111108,0,"+40.7511524","-073.9810590"
"36","061","008300","1","360610083001",1500000US360610083001,Block Group 1,G5030,S,40883,0,"+40.7422648","-074.0025523"
"36","061","008400","1","360610084001",1500000US360610084001,Block Group 1,G5030,S,50755,0,"+40.7535188","-073.9829674"
"36","061","012700","1","360610127001",1500000US360610127001,Block Group 1,G5030,S,21763,0,"+40.7619483","-073.9882117"
"36","061","012700","4","360610127004",1500000US360610127004,Block Group 4,G5030,S,43647,0,"+40.7634584","-073.9908240"
"36","061","007800","1","360610078001",1500000US360610078001,Block Group 1,G5030,S,17071,0,"+40.7480814","-073.9749379"
"36","061","006300","4","360610063004",1500000US360610063004,Block Group 4,G5030,S,23184,0,"+40.7332243","-073.9977330"
"36","061","006400","5","360610064005",1500000US360610064005,Block Group 5,G5030,S,19169,0,"+40.7370267","-073.9799452"
"36","061","004800","2","360610048002",1500000US360610048002,Block Group 2,G5030,S,16059,0,"+40.7350256","-073.9844546"
"36","061","005000","4","360610050004",1500000US360610050004,Block Group 4,G5030,S,23010,0,"+40.7355411","-073.9865882"
"36","061","005400","3","360610054003",1500000US360610054003,Block Group 3,G5030,S,27027,0,"+40.7370251","-073.9949784"
"36","061","005900","4","360610059004",1500000US360610059004,Block Group 4,G5030,S,17384,0,"+40.7313784","-073.9933534"
"36","061","006100","2","360610061002",1500000US360610061002,Block Group 2,G5030,S,30770,0,"+40.7328627","-073.9923110"
"36","061","006600","4","360610066004",1500000US360610066004,Block Group 4,G5030,S,16977,0,"+40.7399501","-073.9808648"
"36","061","006600","6","360610066006",1500000US360610066006,Block Group 6,G5030,S,17914,0,"+40.7383611","-073.9790102"
"36","061","006600","9","360610066009",1500000US360610066009,Block Group 9,G5030,S,18229,0,"+40.7408289","-073.9772112"
"36","061","006800","6","360610068006",1500000US360610068006,Block Group 6,G5030,S,24279,0,"+40.7416892","-073.9821110"
"36","061","007100","2","360610071002",1500000US360610071002,Block Group 2,G5030,S,22148,0,"+40.7369486","-073.9989940"
"36","061","007200","7","360610072007",1500000US360610072007,Block Group 7,G5030,S,13088,0,"+40.7463970","-073.9786797"
"36","061","007700","5","360610077005",1500000US360610077005,Block Group 5,G5030,S,27843,0,"+40.7369634","-074.0025917"
"36","061","007800","5","360610078005",1500000US360610078005,Block Group 5,G5030,S,37321,0,"+40.7449252","-073.9742280"
"36","061","007900","2","360610079002",1500000US360610079002,Block Group 2,G5030,S,30964,0,"+40.7371288","-074.0090592"
"36","061","008100","6","360610081006",1500000US360610081006,Block Group 6,G5030,S,24038,0,"+40.7394978","-074.0008538"
"36","061","008800","4","360610088004",1500000US360610088004,Block Group 4,G5030,S,17994,0,"+40.7477297","-073.9721841"
"36","061","009000","4","360610090004",1500000US360610090004,Block Group 4,G5030,S,17387,0,"+40.7534580","-073.9680696"
"36","061","009300","5","360610093005",1500000US360610093005,Block Group 5,G5030,S,21560,0,"+40.7480603","-074.0020415"
"36","061","009700","4","360610097004",1500000US360610097004,Block Group 4,G5030,S,22262,0,"+40.7499733","-073.9969554"
"36","061","009800","7","360610098007",1500000US360610098007,Block Group 7,G5030,S,18072,0,"+40.7565693","-073.9657374"
"36","061","010601","1","360610106011",1500000US360610106011,Block Group 1,G5030,S,17441,0,"+40.7588264","-073.9610787"
"36","061","013700","5","360610137005",1500000US360610137005,Block Group 5,G5030,S,23529,0,"+40.7657810","-073.9816999"
"36","061","013900","5","360610139005",1500000US360610139005,Block Group 5,G5030,S,21792,0,"+40.7663304","-073.9850130"
"36","061","009000","5","360610090005",1500000US360610090005,Block Group 5,G5030,S,34439,0,"+40.7540962","-073.9705550"
"36","061","000800","4","360610008004",1500000US360610008004,Block Group 4,G5030,S,14371,0,"+40.7108680","-073.9959648"
"36","061","008100","2","360610081002",1500000US360610081002,Block Group 2,G5030,S,40874,0,"+40.7410679","-073.9997083"
"36","061","008100","1","360610081001",1500000US360610081001,Block Group 1,G5030,S,40881,0,"+40.7398708","-073.9968664"
"36","061","001501","2","360610015012",1500000US360610015012,Block Group 2,G5030,S,59871,0,"+40.7095925","-074.0034068"
"36","061","001200","2","360610012002",1500000US360610012002,Block Group 2,G5030,S,36855,0,"+40.7157119","-073.9819679"
"36","061","000202","3","360610002023",1500000US360610002023,Block Group 3,G5030,S,27252,0,"+40.7124812","-073.9814620"
"36","061","006500","1","360610065001",1500000US360610065001,Block Group 1,G5030,S,98138,0,"+40.7310157","-073.9986169"
"36","061","001402","1","360610014021",1500000US360610014021,Block Group 1,G5030,S,56843,0,"+40.7177685","-073.9867187"
"36","061","013900","2","360610139002",1500000US360610139002,Block Group 2,G5030,S,23509,0,"+40.7681787","-073.9873828"
"36","061","008300","2","360610083002",1500000US360610083002,Block Group 2,G5030,S,45876,0,"+40.7410152","-074.0034441"
"36","061","011900","2","360610119002",1500000US360610119002,Block Group 2,G5030,S,88867,0,"+40.7579136","-073.9874416"
"36","061","007700","4","360610077004",1500000US360610077004,Block Group 4,G5030,S,31245,0,"+40.7368181","-074.0046636"
"36","061","001502","2","360610015022",1500000US360610015022,Block Group 2,G5030,S,54846,0,"+40.7087566","-074.0075127"
"36","061","003200","7","360610032007",1500000US360610032007,Block Group 7,G5030,S,67615,0,"+40.7261699","-073.9819323"
"36","061","004800","6","360610048006",1500000US360610048006,Block Group 6,G5030,S,34742,0,"+40.7343357","-073.9819126"
"36","061","001800","6","360610018006",1500000US360610018006,Block Group 6,G5030,S,16650,0,"+40.7181336","-073.9920296"
"36","061","006400","3","360610064003",1500000US360610064003,Block Group 3,G5030,S,16125,0,"+40.7361967","-073.9836004"
"36","061","007400","3","360610074003",1500000US360610074003,Block Group 3,G5030,S,36398,0,"+40.7452715","-073.9858208"
"36","061","008603","3","360610086033",1500000US360610086033,Block Group 3,G5030,S,17794,0,"+40.7543230","-073.9643025"
"36","061","000800","5","360610008005",1500000US360610008005,Block Group 5,G5030,S,33697,0,"+40.7102429","-073.9950554"
"36","061","001401","2","360610014012",1500000US360610014012,Block Group 2,G5030,S,36867,0,"+40.7149891","-073.9855208"
"36","061","001600","4","360610016004",1500000US360610016004,Block Group 4,G5030,S,28874,0,"+40.7164835","-073.9905870"
"36","061","002201","3","360610022013",1500000US360610022013,Block Group 3,G5030,S,39102,0,"+40.7190844","-073.9814334"
"36","061","002800","1","360610028001",1500000US360610028001,Block Group 1,G5030,S,19945,0,"+40.7285987","-073.9770992"
"36","061","003200","4","360610032004",1500000US360610032004,Block Group 4,G5030,S,16816,0,"+40.7244261","-073.9861693"
"36","061","003800","4","360610038004",1500000US360610038004,Block Group 4,G5030,S,17764,0,"+40.7253876","-073.9884594"
"36","061","003800","7","360610038007",1500000US360610038007,Block Group 7,G5030,S,34979,0,"+40.7280897","-073.9864959"
"36","061","031704","1","360610317041",1500000US360610317041,Block Group 1,G5030,S,57560,0,"+40.7109894","-074.0164229"
"36","061","007002","4","360610070024",1500000US360610070024,Block Group 4,G5030,S,17104,0,"+40.7442669","-073.9776960"
"36","061","007001","1","360610070011",1500000US360610070011,Block Group 1,G5030,S,18155,0,"+40.7414544","-073.9767471"
"36","061","004400","8","360610044008",1500000US360610044008,Block Group 8,G5030,S,33027,0,"+40.7338617","-073.9791601"
"36","061","004400","5","360610044005",1500000US360610044005,Block Group 5,G5030,S,28225,0,"+40.7328260","-073.9800055"
"36","061","004400","4","360610044004",1500000US360610044004,Block Group 4,G5030,S,53757,0,"+40.7311015","-073.9786948"
"36","061","004400","7","360610044007",1500000US360610044007,Block Group 7,G5030,S,36390,0,"+40.7328472","-073.9770457"
"36","061","004400","1","360610044001",1500000US360610044001,Block Group 1,G5030,S,42683,0,"+40.7309005","-073.9759666"
"36","061","004400","6","360610044006",1500000US360610044006,Block Group 6,G5030,S,31007,0,"+40.7319887","-073.9747741"
"36","061","004400","3","360610044003",1500000US360610044003,Block Group 3,G5030,S,37255,0,"+40.7296162","-073.9764243"
"36","061","004400","2","360610044002",1500000US360610044002,Block Group 2,G5030,S,113064,0,"+40.7289491","-073.9731264"
"36","061","012102","3","360610121023",1500000US360610121023,Block Group 3,G5030,S,21758,0,"+40.7606405","-073.9928779"
"36","061","012102","4","360610121024",1500000US360610121024,Block Group 4,G5030,S,22082,0,"+40.7612691","-073.9924172"
"36","061","012101","2","360610121012",1500000US360610121012,Block Group 2,G5030,S,43784,0,"+40.7597612","-073.9898070"
"36","061","012101","1","360610121011",1500000US360610121011,Block Group 1,G5030,S,45262,0,"+40.7584812","-073.9907368"
"36","061","010802","1","360610108021",1500000US360610108021,Block Group 1,G5030,S,25321,0,"+40.7592951","-073.9632347"
"36","061","004002","4","360610040024",1500000US360610040024,Block Group 4,G5030,S,32520,0,"+40.7302589","-073.9879255"
"36","061","004001","2","360610040012",1500000US360610040012,Block Group 2,G5030,S,38741,0,"+40.7311864","-073.9842375"
"36","061","004001","1","360610040011",1500000US360610040011,Block Group 1,G5030,S,17016,0,"+40.7289865","-073.9858435"
"36","061","004001","3","360610040013",1500000US360610040013,Block Group 3,G5030,S,35985,0,"+40.7299000","-073.9851778"
"36","061","010803","1","360610108031",1500000US360610108031,Block Group 1,G5030,S,35833,0,"+40.7604310","-073.9659328"
"36","061","010803","2","360610108032",1500000US360610108032,Block Group 2,G5030,S,18566,0,"+40.7594434","-073.9666585"
"36","061","010802","3","360610108023",1500000US360610108023,Block Group 3,G5030,S,19538,0,"+40.7584716","-073.9643546"
"36","061","010802","2","360610108022",1500000US360610108022,Block Group 2,G5030,S,12542,0,"+40.7597868","-073.9644217"
"36","061","004400","9","360610044009",1500000US360610044009,Block Group 9,G5030,S,34604,0,"+40.7315209","-073.9809548"
"36","061","007001","4","360610070014",1500000US360610070014,Block Group 4,G5030,S,21458,0,"+40.7422762","-073.9763813"
"36","061","010200","2","360610102002",1500000US360610102002,Block Group 2,G5030,S,86365,0,"+40.7597626","-073.9752553"
"36","061","009400","2","360610094002",1500000US360610094002,Block Group 2,G5030,S,65368,0,"+40.7550562","-073.9767831"
"36","061","009200","3","360610092003",1500000US360610092003,Block Group 3,G5030,S,36822,0,"+40.7545942","-073.9727049"
"36","061","001002","5","360610010025",1500000US360610010025,Block Group 5,G5030,S,67319,0,"+40.7172477","-073.9768164"
"36","061","010801","3","360610108013",1500000US360610108013,Block Group 3,G5030,S,18256,0,"+40.7571943","-073.9652851"
"36","061","009800","5","360610098005",1500000US360610098005,Block Group 5,G5030,S,18202,0,"+40.7546908","-073.9671088"
"36","061","010801","2","360610108012",1500000US360610108012,Block Group 2,G5030,S,18198,0,"+40.7578204","-073.9648251"
"36","061","010801","1","360610108011",1500000US360610108011,Block Group 1,G5030,S,34347,0,"+40.7584797","-073.9673594"
"36","061","005800","2","360610058002",1500000US360610058002,Block Group 2,G5030,S,49481,0,"+40.7434949","-073.9902458"
"36","061","005800","3","360610058003",1500000US360610058003,Block Group 3,G5030,S,76519,0,"+40.7419123","-073.9914301"
"36","061","007400","5","360610074005",1500000US360610074005,Block Group 5,G5030,S,50429,0,"+40.7474825","-073.9842100"
"36","061","007400","4","360610074004",1500000US360610074004,Block Group 4,G5030,S,12625,0,"+40.7477784","-073.9819178"
"36","061","007400","1","360610074001",1500000US360610074001,Block Group 1,G5030,S,37877,0,"+40.7464797","-073.9828409"
"36","061","004002","1","360610040021",1500000US360610040021,Block Group 1,G5030,S,17575,0,"+40.7318118","-073.9867976"
"36","061","005000","3","360610050003",1500000US360610050003,Block Group 3,G5030,S,26082,0,"+40.7342930","-073.9874986"
"36","061","004002","2","360610040022",1500000US360610040022,Block Group 2,G5030,S,18914,0,"+40.7324750","-073.9863119"
"36","061","002902","2","360610029022",1500000US360610029022,Block Group 2,G5030,S,47697,0,"+40.7152483","-073.9976670"
"36","061","009100","3","360610091003",1500000US360610091003,Block Group 3,G5030,S,23184,0,"+40.7443629","-073.9973073"
"36","061","008700","6","360610087006",1500000US360610087006,Block Group 6,G5030,S,41854,0,"+40.7422307","-073.9951484"
"36","061","009100","5","360610091005",1500000US360610091005,Block Group 5,G5030,S,43077,0,"+40.7447846","-073.9932908"
"36","061","012901","4","360610129014",1500000US360610129014,Block Group 4,G5030,S,58820,0,"+40.7638066","-074.0009234"
"36","061","013502","5","360610135025",1500000US360610135025,Block Group 5,G5030,S,60823,0,"+40.7713504","-073.9953324"
"36","061","004200","3","360610042003",1500000US360610042003,Block Group 3,G5030,S,20522,0,"+40.7334757","-073.9886434"
"36","061","004002","3","360610040023",1500000US360610040023,Block Group 3,G5030,S,17581,0,"+40.7311721","-073.9872626"
"36","061","002902","3","360610029023",1500000US360610029023,Block Group 3,G5030,S,10482,0,"+40.7151571","-073.9991575"
"36","061","009000","7","360610090007",1500000US360610090007,Block Group 7,G5030,S,34512,0,"+40.7522209","-073.9719228"
"36","061","009100","6","360610091006",1500000US360610091006,Block Group 6,G5030,S,21644,0,"+40.7462939","-073.9959071"
"36","061","008700","3","360610087003",1500000US360610087003,Block Group 3,G5030,S,21607,0,"+40.7437204","-073.9977759"
"36","061","009100","4","360610091004",1500000US360610091004,Block Group 4,G5030,S,46415,0,"+40.7434986","-073.9942247"
"36","061","007001","3","360610070013",1500000US360610070013,Block Group 3,G5030,S,30404,0,"+40.7429594","-073.9754502"
"36","061","012500","3","360610125003",1500000US360610125003,Block Group 3,G5030,S,16431,0,"+40.7608908","-073.9857133"
"36","061","012902","3","360610129023",1500000US360610129023,Block Group 3,G5030,S,58054,0,"+40.7663765","-073.9991875"
"36","061","008700","4","360610087004",1500000US360610087004,Block Group 4,G5030,S,20341,0,"+40.7431184","-073.9982144"
"36","061","013501","4","360610135014",1500000US360610135014,Block Group 4,G5030,S,51260,0,"+40.7689851","-073.9969037"
"36","061","031703","3","360610317033",1500000US360610317033,Block Group 3,G5030,S,91191,0,"+40.7158166","-074.0145239"
"36","061","001002","4","360610010024",1500000US360610010024,Block Group 4,G5030,S,9732,0,"+40.7185168","-073.9761730"
"36","061","002100","4","360610021004",1500000US360610021004,Block Group 4,G5030,S,30571,0,"+40.7158990","-074.0120988"
"36","061","001300","3","360610013003",1500000US360610013003,Block Group 3,G5030,S,65249,0,"+40.7075947","-074.0131187"
"36","061","000700","5","360610007005",1500000US360610007005,Block Group 5,G5030,S,7903,0,"+40.7055284","-074.0090650"
"36","061","013502","4","360610135024",1500000US360610135024,Block Group 4,G5030,S,34045,0,"+40.7695022","-073.9934478"
"36","061","012902","1","360610129021",1500000US360610129021,Block Group 1,G5030,S,43691,0,"+40.7646556","-073.9936663"
"36","061","013502","3","360610135023",1500000US360610135023,Block Group 3,G5030,S,45766,0,"+40.7709094","-073.9927757"
"36","061","013501","3","360610135013",1500000US360610135013,Block Group 3,G5030,S,53144,0,"+40.7678968","-073.9931858"
"36","061","009901","1","360610099011",1500000US360610099011,Block Group 1,G5030,S,167833,0,"+40.7476243","-074.0058869"
"36","061","000700","8","360610007008",1500000US360610007008,Block Group 8,G5030,S,43194,0,"+40.7038175","-074.0055113"
"36","061","012500","4","360610125004",1500000US360610125004,Block Group 4,G5030,S,36811,0,"+40.7598868","-073.9862783"
"36","061","001502","6","360610015026",1500000US360610015026,Block Group 6,G5030,S,13765,0,"+40.7065968","-074.0040496"
"36","061","009903","1","360610099031",1500000US360610099031,Block Group 1,G5030,S,92080,0,"+40.7577195","-074.0024316"
"36","061","013502","1","360610135021",1500000US360610135021,Block Group 1,G5030,S,21769,0,"+40.7680969","-073.9911541"
"36","061","008000","6","360610080006",1500000US360610080006,Block Group 6,G5030,S,36805,0,"+40.7495723","-073.9784705"
"36","061","009903","2","360610099032",1500000US360610099032,Block Group 2,G5030,S,328311,0,"+40.7557230","-074.0024646"
"36","061","012901","1","360610129011",1500000US360610129011,Block Group 1,G5030,S,23511,0,"+40.7605631","-073.9966496"
"36","061","011700","2","360610117002",1500000US360610117002,Block Group 2,G5030,S,22893,0,"+40.7610774","-073.9999596"
"36","061","012901","2","360610129012",1500000US360610129012,Block Group 2,G5030,S,105232,0,"+40.7618926","-073.9969931"
"36","061","011700","3","360610117003",1500000US360610117003,Block Group 3,G5030,S,86606,0,"+40.7602739","-074.0014019"
"36","061","002901","1","360610029011",1500000US360610029011,Block Group 1,G5030,S,36194,0,"+40.7138002","-074.0019785"
"36","061","000202","6","360610002026",1500000US360610002026,Block Group 6,G5030,S,83226,0,"+40.7109756","-073.9831210"
"36","061","009902","1","360610099021",1500000US360610099021,Block Group 1,G5030,S,107378,0,"+40.7518432","-074.0037277"
"36","061","009902","2","360610099022",1500000US360610099022,Block Group 2,G5030,S,80613,0,"+40.7525025","-074.0066963"
"36","061","004200","1","360610042001",1500000US360610042001,Block Group 1,G5030,S,35454,0,"+40.7303295","-073.9900289"
"36","061","000202","4","360610002024",1500000US360610002024,Block Group 4,G5030,S,112847,0,"+40.7120681","-073.9787981"
"36","061","003100","2","360610031002",1500000US360610031002,Block Group 2,G5030,S,116473,0,"+40.7138701","-074.0050665"
"36","061","008000","2","360610080002",1500000US360610080002,Block Group 2,G5030,S,12108,0,"+40.7470384","-073.9782125"
"36","061","007001","2","360610070012",1500000US360610070012,Block Group 2,G5030,S,19712,0,"+40.7439368","-073.9749351"
"36","061","007002","2","360610070022",1500000US360610070022,Block Group 2,G5030,S,17298,0,"+40.7424227","-073.9790483"
"36","061","007002","3","360610070023",1500000US360610070023,Block Group 3,G5030,S,34637,0,"+40.7433457","-073.9783601"
"36","061","007002","1","360610070021",1500000US360610070021,Block Group 1,G5030,S,18566,0,"+40.7449121","-073.9772374"
"36","061","008601","3","360610086013",1500000US360610086013,Block Group 3,G5030,S,90454,0,"+40.7467054","-073.9701026"
"36","061","002500","4","360610025004",1500000US360610025004,Block Group 4,G5030,S,29446,0,"+40.7113068","-073.9986716"
"36","061","002902","5","360610029025",1500000US360610029025,Block Group 5,G5030,S,27455,0,"+40.7137943","-073.9999390"
"36","061","002902","4","360610029024",1500000US360610029024,Block Group 4,G5030,S,15213,0,"+40.7152740","-074.0000377"
"36","061","002902","1","360610029021",1500000US360610029021,Block Group 1,G5030,S,22983,0,"+40.7165366","-073.9989579"
"36","061","002901","3","360610029013",1500000US360610029013,Block Group 3,G5030,S,34461,0,"+40.7161595","-074.0006836"
"36","061","008700","1","360610087001",1500000US360610087001,Block Group 1,G5030,S,20406,0,"+40.7425335","-073.9986409"
"36","061","009901","2","360610099012",1500000US360610099012,Block Group 2,G5030,S,223323,0,"+40.7474323","-074.0086799"
"36","061","006900","2","360610069002",1500000US360610069002,Block Group 2,G5030,S,52320,0,"+40.7308257","-074.0091470"
"36","061","006900","3","360610069003",1500000US360610069003,Block Group 3,G5030,S,23875,0,"+40.7292983","-074.0087699"
"36","061","003300","2","360610033002",1500000US360610033002,Block Group 2,G5030,S,143992,0,"+40.7201699","-074.0073007"
"36","061","002100","3","360610021003",1500000US360610021003,Block Group 3,G5030,S,82411,0,"+40.7146953","-074.0113098"
"36","061","002602","3","360610026023",1500000US360610026023,Block Group 3,G5030,S,34854,0,"+40.7251814","-073.9795952"
"36","061","002400","3","360610024003",1500000US360610024003,Block Group 3,G5030,S,52983,0,"+40.7232589","-073.9751498"
"36","061","002400","1","360610024001",1500000US360610024001,Block Group 1,G5030,S,54216,0,"+40.7257423","-073.9733956"
"36","061","002901","2","360610029012",1500000US360610029012,Block Group 2,G5030,S,74400,0,"+40.7118637","-074.0023863"
"36","061","003900","3","360610039003",1500000US360610039003,Block Group 3,G5030,S,74340,0,"+40.7189487","-074.0095612"
"36","061","001300","4","360610013004",1500000US360610013004,Block Group 4,G5030,S,42951,0,"+40.7096507","-074.0130537"
"36","061","001300","5","360610013005",1500000US360610013005,Block Group 5,G5030,S,129680,0,"+40.7113593","-074.0117753"
"36","061","002100","2","360610021002",1500000US360610021002,Block Group 2,G5030,S,63081,0,"+40.7128881","-074.0093837"
"36","061","000700","3","360610007003",1500000US360610007003,Block Group 3,G5030,S,15175,0,"+40.7077571","-074.0092271"
"36","061","000700","4","360610007004",1500000US360610007004,Block Group 4,G5030,S,33269,0,"+40.7065217","-074.0082969"
"36","061","000700","6","360610007006",1500000US360610007006,Block Group 6,G5030,S,17486,0,"+40.7049036","-074.0087273"
"36","061","000700","7","360610007007",1500000US360610007007,Block Group 7,G5030,S,60697,0,"+40.7049278","-074.0069134"
"36","061","012902","2","360610129022",1500000US360610129022,Block Group 2,G5030,S,105944,0,"+40.7643796","-073.9957468"
"36","061","013501","1","360610135011",1500000US360610135011,Block Group 1,G5030,S,70446,0,"+40.7663744","-073.9939193"
"36","061","012901","3","360610129013",1500000US360610129013,Block Group 3,G5030,S,31603,0,"+40.7631870","-073.9979477"
"36","061","012102","2","360610121022",1500000US360610121022,Block Group 2,G5030,S,17605,0,"+40.7592073","-073.9934640"
"36","061","015102","4","360610151024",1500000US360610151024,Block Group 4,G5030,S,22122,0,"+40.7719085","-073.9921205"
"36","061","014700","2","360610147002",1500000US360610147002,Block Group 2,G5030,S,21721,0,"+40.7707019","-073.9892628"
"36","061","014500","3","360610145003",1500000US360610145003,Block Group 3,G5030,S,38536,0,"+40.7686567","-073.9835159"
"36","061","012102","1","360610121021",1500000US360610121021,Block Group 1,G5030,S,27668,0,"+40.7599778","-073.9936525"
"36","061","013700","6","360610137006",1500000US360610137006,Block Group 6,G5030,S,43516,0,"+40.7648193","-073.9824040"
"36","061","013100","3","360610131003",1500000US360610131003,Block Group 3,G5030,S,21733,0,"+40.7638821","-073.9830831"
"36","061","012500","2","360610125002",1500000US360610125002,Block Group 2,G5030,S,33835,0,"+40.7613650","-073.9840873"
"36","061","013100","2","360610131002",1500000US360610131002,Block Group 2,G5030,S,86931,0,"+40.7617463","-073.9809321"
"36","061","009600","2","360610096002",1500000US360610096002,Block Group 2,G5030,S,74384,0,"+40.7576495","-073.9799561"
"36","061","001502","7","360610015027",1500000US360610015027,Block Group 7,G5030,S,16612,0,"+40.7054306","-074.0037063"
"36","061","003300","4","360610033004",1500000US360610033004,Block Group 4,G5030,S,63224,0,"+40.7186480","-074.0038046"
"36","061","001502","4","360610015024",1500000US360610015024,Block Group 4,G5030,S,33888,0,"+40.7065341","-074.0056241"
"36","061","001502","5","360610015025",1500000US360610015025,Block Group 5,G5030,S,6334,0,"+40.7073611","-074.0047532"
"36","061","006900","4","360610069004",1500000US360610069004,Block Group 4,G5030,S,92146,0,"+40.7297065","-074.0121519"
"36","061","013501","2","360610135012",1500000US360610135012,Block Group 2,G5030,S,26156,0,"+40.7666621","-073.9919573"
"36","061","013502","2","360610135022",1500000US360610135022,Block Group 2,G5030,S,68913,0,"+40.7694008","-073.9902084"
"36","061","010300","2","360610103002",1500000US360610103002,Block Group 2,G5030,S,66610,0,"+40.7518333","-073.9955816"
"36","061","009200","2","360610092002",1500000US360610092002,Block Group 2,G5030,S,110116,0,"+40.7539073","-073.9756159"
